{
  "profit": {
    "dependent_var": "d_profit_share_yoy_pp",
    "intercept": -0.4894533633300894,
    "slope": 0.2524678405514266,
    "t_hac": 5.719300935879158,
    "r2": 0.19443821954345453,
    "correlation": 0.4409514934133392,
    "n_obs": 311,
    "maxlags": 4
  },
  "wage": {
    "dependent_var": "d_wage_share_yoy_pp",
    "intercept": 0.2124367270999838,
    "slope": -0.11158364926168107,
    "t_hac": -2.5650548351618925,
    "r2": 0.07794875059839845,
    "correlation": -0.27919303465236806,
    "n_obs": 311,
    "maxlags": 4
  }
}