variable,adf_stat,adf_pvalue,adf_critical_1pct,adf_critical_5pct,kpss_stat,kpss_pvalue,kpss_critical_5pct,is_stationary
prod_yoy_pct,-3.1720327378819833,0.021661688754281722,-3.452789844280995,-2.871421512222641,0.3476321079365916,0.09972753968250361,0.463,True
d_profit_share_yoy_pp,-4.85102527297253,4.339470343566164e-05,-3.452789844280995,-2.871421512222641,0.08534553808786782,0.1,0.463,True
d_wage_share_yoy_pp,-3.5757035012159717,0.006242878619815675,-3.452789844280995,-2.871421512222641,0.3251790398795423,0.1,0.463,True
